potential,coming,experiments,large,hadron,collider,lhc,observe,rescattering,energy,loss,heavy,quarks,dense,matter,created,heavy,ion,collisions,discussed,eos,analyze,sensitivity,high-mass,mu+mu-,pairs,bbbar,semileptonic,decays,secondary,j/psi,single,decays,medium-induced,bottom,quark,energy,loss,eos
present,cosmological,parameter,constraints,joint,analysis,three,cosmological,probes,tomographic,cosmic,shear,signal,deg,data,kilo,degree,survey,kids,galaxy-matter,cross-correlation,signal,galaxies,galaxies,mass,assembly,gama,survey,determined,kids,weak,lensing,angular,correlation,function,gama,galaxies,eos,use,fast,power,spectrum,estimators,based,simple,integrals,real-space,correlation,functions,show,unbiased,relevant,angular,frequency,ranges,eos,test,full,pipeline,numerical,simulations,tailored,kids,retrieve,input,cosmology,eos,fitting,different,combinations,power,spectra,demonstrate,three,probes,internally,consistent,eos,probes,combined,obtain,eos,eos,eos,consistent,planck,fiducial,kids-,cosmic,shear,correlation,function,results,eos,combination,probes,results,reduction,uncertainties,using,cosmic,shear,power,spectra,alone,eos,main,gain,additional,probes,comes,constraining,power,nuisance,parameters,galaxy,intrinsic,alignment,amplitude,potential,shifts,redshift,distributions,factor,two,better,constrained,compared,using,cosmic,shear,alone,demonstrating,value,large-scale,structure,probe,combination,eos
let,compact,manifold,equipped,pair,complementary,foliations,say,horizontal,vertical,eos,catuogno,silva,ruffino,stoch,eos,dyn,eos,shown,stopping,time,stochastic,flow,local,diffeomorphisms,written,markovian,process,subgroup,diffeomorphisms,preserve,horizontal,foliation,composed,process,subgroup,diffeomorphisms,preserve,vertical,foliation,eos,discuss,topological,aspects,decomposition,eos,main,result,guarantees,global,decomposition,flow,preserves,orientation,transversely,orientable,foliation,eos,last,section,present,it\^o-liouville,formula,subdeterminants,linearised,flows,eos,use,formula,obtain,sufficient,conditions,existence,decomposition,t\geq,eos
study,triangular-lattice,ising,model,dipolar,interactions,inspired,realisation,artificial,arrays,nanomagnets,eos,show,classical,spin,liquid,forms,intermediate,temperatures,behaviour,tuned,temperature,and/or,small,lattice,distortion,weakly-coupled,string,luttinger,liquid,strongly-coupled,domain-wall-network,state,eos,also,study,transition,spin,liquid,show,critical,physics,tuned,first-order,kasteleyn,d-ising,transitions,intermediate,pokrovsky-talapov,tricritical,point,eos,dipolar,model,analysed,using,monte,carlo,simulations,guided,exact,perturbative,solutions,related,toy,models,phenomenological,theory,written,terms,spinless,fermions,eos
prove,countable,support,iteration,formed,posets,eos,eos,eos,eos,eos,assuming,ground,model,assuming,also,collapsed,eos,improves,earlier,results,shelah,removing,restriction,length,iteration,eos,thus,solve,problem,obtaining,large,continuum,via,forcing,iterations,eos
combined,constraints,cdf,collaborations,models,higgs,boson,exotic,spin,parity,presented,compared,results,obtained,assuming,standard,model,value,j^p=,eos,collaborations,analyzed,approximately,proton-antiproton,collisions,center-of-mass,energy,eos,tev,collected,fermilab,tevatron,eos,two,models,predicting,exotic,higgs,bosons,j^p=,j^p=,tested,eos,kinematic,properties,exotic,higgs,boson,production,association,vector,boson,differ,predicted,standard,model,higgs,boson,eos,upper,limits,credibility,level,production,rates,exotic,higgs,bosons,expressed,fractions,standard,model,higgs,boson,production,rate,set,eos,j^p=,hypothesis,j^p=,hypothesis,eos,production,rate,times,branching,ratio,bottom-antibottom,pair,predicted,standard,model,higgs,boson,exotic,bosons,excluded,significances,eos,standard,deviations,eos,standard,deviations,j^p=,j^p=,hypotheses,respectively,eos
paper,concerned,figures,equilibrium,self-gravitating,ideal,fluid,density,stratification,steady-state,velocity,field,eos,classical,setting,assumed,figures,layers,uniformly,rotate,axis,fixed,space,eos
consider,ionisation,atomic,hydrogen,strong,infrared,field,eos,extend,study,depth,existing,semi-analytical,model,eos,starting,time-dependent,schroedinger,equation,momentum,space,velocity,gauge,substitute,kernel,non-local,coulomb,potential,sum,separable,potentials,supporting,one,hydrogen,bound,state,eos,leads,set,coupled,one-dimensional,linear,volterra,integral,equations,solve,eos,analyze,gauge,problem,model,different,ways,generating,separable,potentials,establish,clear,link,strong,field,approximation,turns,limiting,case,present,model,eos,calculate,electron,energy,spectra,well,time,evolution,electron,wave,packets,momentum,space,eos,compare,discuss,results,obtained,model,strong,field,approximation,examine,context,role,excited,states,eos
accretion,rate,approximately,per,cent,eddington,accretion,rate,x-ray,binary,systems,usually,found,soft,spectral,state,eos,however,accretion,rates,factor,lower,still,hard,state,another,spectral,transition,well,observed,well,understood,eos,eos,per,cent,eddington,accretion,rate,m_crit,spectral,index,hardens,increasing,accretion,rate,m_crit,although,still,hard,state,spectral,index,softens,increasing,accretion,rate,eos,use,combination,x-ray,spectral,fitting,study,short,time-scale,spectral,variability,examine,behaviour,three,well-known,x-ray,binaries,cygnus,xte,eos,cygnus,find,separate,hard,soft,continuum,components,show,using,root-mean-square,rms,spectra,soft,component,dominates,variability,eos,spectral,transition,m_crit,clearly,present,hard-state,hardness-intensity,diagrams,cygnus,eos,m_crit,shows,similar,softer-when-brighter,behaviour,long,short,time-scales,eos,similarly,xte,remains,well,m_crit,harder-when-brighter,behaviour,time-scales,eos,interpret,results,terms,two,continuum,components,hard,power-law,dominates,spectra,accretion,rate,low,probably,arising,comptonisation,cyclo-synchrotron,photons,corona,soft,power-law,dominates,higher,accretion,rates,arising,comptonisation,seed,photons,accretion,disc,eos
nekrasov-shatashvili,limit,pure,gauge,omega-deformed,super,yang-mills,theory,encodes,information,spectrum,mathieu,operator,eos,hand,mathieu,equation,emerges,entirely,within,frame,two-dimensional,conformal,field,theory,cft,classical,limit,null,vector,decoupling,equation,degenerate,irregular,block,eos,therefore,seems,possible,investigate,spectrum,mathieu,operator,employing,techniques,cft,eos,exploit,strategy,full,correspondence,mathieu,equation,realization,within,cft,established,eos,previous,paper,found,expression,mathieu,eigenvalue,given,terms,classical,irregular,block,exactly,coincides,well,known,weak,coupling,expansion,eigenvalue,case,auxiliary,parameter,noninteger,floquet,exponent,eos,present,work,verify,formula,corresponding,eigenfunction,obtained,irregular,block,reproduces,so-called,mathieu,exponent,noninteger,order,elliptic,cosine,sine,functions,may,constructed,eos,derivation,mathieu,equation,within,formalism,cft,based,conjectures,concerning,asymptotic,behaviour,irregular,blocks,classical,limit,eos,proof,hypotheses,sketched,eos,finally,speculate,could,possible,use,methods,cft,order,get,irregular,block,eigenvalues,mathieu,operator,regions,coupling,constant,eos
developed,generalized,electronic,phase,separation,model,high-temperature,cuprate,superconductors,links,two,distinct,energy,scales,superconducting,pseudogap,phases,via,charge-density-wave,cdw,state,eos,show,simulated,electronic-density,modulations,resembling,charge,order,modulations,detected,cuprates,intertwine,charge,orders,localizing,charge,providing,energy,scale,spatially,periodic,attractive,potential,eos,bulk,superconductivity,achieved,inclusion,josephson,coupling,nanoscale,domains,intertwined,fluctuating,cdw,orders,local,phase,fluctuations,give,rise,fermi,arcs,along,nodal,directions,gap,eos,demonstrate,validity,model,reproducing,hole-doping,dependence,onset,temperature,t^*,transition,temperature,t_c,yba_,cu_,o_y,bi_,pb_ysr_,la_zcuo_,eos,results,show,periodicity,cdw,order,controlled,energy,scale,hole-doping,dependence,energy,gap,controlled,charge,ordering,free,energy,eos
hypervelocity,stars,speeds,exceeding,escape,speed,hence,unbound,milky,way,eos,investigate,sample,low-mass,hypervelocity,candidates,obtained,using,data,high-precision,sdss,stripe,catalogue,combined,spectroscopy,hale,telescope,palomar,observatory,eos,find,four,good,candidates,without,metallicities,difficult,pin-down,distances,therefore,total,velocities,eos,best,candidate,significant,likelihood,escaping,milky,way,wide-range,metallicities,eos
gamma,cephei,planetary,system,one,interesting,systems,due,several,reasons,eos,first,planet,candidate,detected,precise,radial,velocity,measurements,discussed,literature,campbell,eos,eos,tight,binary,system,eos,planet,host,star,evolved,k-type,star,eos,hatzes,eos,confirmed,presence,planetary,companion,minimum,mass,eos,m_jup,eos,paper,present,additional,eight,years,precise,data,harlan,eos,smith,eos,telescope,tull,coude,spectrograph,mcdonald,observatory,eos,signal,interpreted,presence,giant,planetary,companion,strongly,confirmed,adding,new,data,eos,present,updated,orbital,solution,planet,shows,planet,slightly,massive,orbit,circular,previous,results,suggested,eos,intensive,high-cadence,week,observations,revealed,gamma,cep,multi-periodic,pulsator,eos,discuss,issue,within,context,searching,additional,planets,system,eos
simulating,multicomponent,mixtures,via,lattice,boltzmann,method,desirable,control,mutual,diffusivity,species,maintaining,viscosity,solution,fixed,eos,goal,herein,achieved,modification,multicomponent,bhatnagar-gross-krook,bgk,evolution,equations,introducing,two,different,timescales,mass,momentum,diffusion,eos,diffusivity,thus,controlled,effective,drag,force,acting,species,eos,numerical,simulations,confirm,accuracy,method,neutral,binary,charged,ternary,mixtures,bulk,conditions,eos,simulation,charged,mixture,charged,slit,channel,show,conductivity,electro-osmotic,mobility,exhibit,departure,helmholtz-smoluchowski,prediction,high,diffusivity,eos
analyze,relation,faddeev-popov,eigenmodes,gluon-momentum,components,coulomb,gauge,using,lattice,qcd,eos,coulomb,gauge,color-coulomb,energy,largely,enhanced,near-zero,faddeev-popov,eigenmodes,would,lead,confining,potential,eos,ultraviolet-momentum,gluon,cut,color-coulomb,energy,faddeev-popov,spectrum,almost,unchanged,eos,contrast,ultraviolet,insensitivity,color-coulomb,energy,faddeev-popov,eigenmodes,drastically,change,infrared-momentum,gluon,cut,eos,without,infrared,gluons,color-coulomb,energy,tends,become,non-confining,near-zero,faddeev-popov,eigenmodes,vanish,eos,also,investigate,full,eigenmodes,find,infrared,gluons,widely,influence,high,low,faddeev-popov,eigenmodes,eos
importance,sampling,trajectories,proved,uniquely,successful,strategy,exploring,rare,dynamical,behaviors,complex,systems,unbiased,way,eos,carrying,sampling,however,requires,ability,propose,changes,dynamical,pathways,substantial,yet,sufficiently,modest,obtain,reasonable,acceptance,rates,eos,satisfying,requirement,becomes,challenging,case,long,trajectories,due,characteristic,divergences,chaotic,dynamics,eos,examine,schemes,addressing,problem,engineer,correlation,trial,trajectory,reference,path,instance,using,artificial,forces,eos,analysis,facilitated,modern,perspective,markov,chain,monte,carlo,sampling,inspired,non-equilibrium,statistical,mechanics,clarifies,types,sampling,strategies,scale,long,trajectories,eos,viewed,light,promising,strategy,guides,trial,trajectory,manipulating,sequence,random,numbers,advance,stochastic,time,evolution,done,handful,existing,methods,eos,cases,noise,guidance,synchronizes,trajectories,effectively,glauber,dynamics,two-dimensional,ising,model,show,efficient,path,sampling,achieved,even,long,trajectories,eos
paper,devoted,lin-ni,conjecture,semi-linear,elliptic,equation,super-linear,sub-critical,nonlinearity,homogeneous,neumann,boundary,conditions,eos,establish,new,rigidity,result,prove,unique,positive,solution,constant,parameter,problem,explicit,bound,relate,optimal,constant,gagliardo-nirenberg-sobolev,interpolation,inequality,also,optimal,keller-lieb-thirring,inequality,eos,results,valid,sub-linear,regime,well,eos,rigidity,bound,obtained,nonlinear,flow,methods,inspired,recent,results,compact,manifolds,unify,nonlinear,elliptic,techniques,carr,champ,method,semi-group,theory,eos,method,requires,convexity,domain,eos,relies,integral,quantities,takes,account,spectral,estimates,provides,improved,functional,inequalities,eos
given,graph,root,positive,capacities,non-negative,lengths,minimum-length,rooted,edge,capacitated,steiner,tree,problem,find,tree,minimum,total,length,rooted,spanning,given,subset,vertices,paths,linking,vertices,contain,eos,study,complexity,approximability,problem,considering,several,relevant,parameters,number,terminals,edge,lengths,minimum,maximum,edge,capacities,eos,one,combinations,assumptions,regarding,parameters,settle,question,giving,complete,characterization,separates,tractable,cases,hard,ones,eos,remaining,open,case,proved,equivalent,long-standing,open,problem,eos,also,prove,close,relations,problem,classical,steiner,tree,well,vertex-disjoint,paths,problems,eos
inspired,problems,arising,geometrical,treatment,yang-mills,theories,palatini,gravity,covariant,formulation,hamiltonian,dynamical,systems,hamiltonian,field,theory,dimension,manifold,boundary,discussed,eos,precise,statement,hamilton's,variational,principle,context,geometrical,properties,space,solutions,euler-lagrange,equations,theory,analyzed,eos,sufficient,condition,obtained,guarantees,set,solutions,euler-lagrange,equations,boundary,manifold,fill,lagrangian,submanifold,space,fields,boundary,eos,finally,theory,constraints,introduced,mimics,constraints,arising,palatini's,gravity,eos
focus,analysis,three,inequivalent,equations,state,geometric,dark,energy,cosmology,considered,past,discuss,differences,advantages,drawbacks,eos
contact,numbers,natural,extensions,kissing,numbers,eos,paper,give,estimates,number,contacts,totally,separable,packing,unit,balls,euclidean,d-space,eos
magnetic,properties,modelled,using,mcphase,different,doping,levels,eos,footprints,different,interactions,local,single,ion,anisotropy,variations,exchange,interactions,identified,profile,diffuse,elastic,neutron,scattering,cross,section,eos,role,quantum,fluctuations,formation,hourglass,spectrum,discussed,eos
space-borne,detector,polar,designed,conduct,hard,x-ray,polarization,measurements,gamma-ray,bursts,statistically,significant,sample,events,unprecedented,accuracy,eos,development,phase,number,tests,calibrations,runs,verification,measurements,carried,order,validate,instrument,functionality,optimize,operational,parameters,eos,article,present,results,gain,optimization,togeter,verification,data,obtained,course,broad,laboratory,environmental,tests,eos,particular,focus,exposures,radioactive,source,determination,gain,dependence,high,voltage,detection,channels,polarimeter,eos,performance,instrument,described,detail,respect,dynamic,range,energy,resolution,temperature,dependence,eos,gain,optimization,algorithms,response,non-uniformity,studies,also,broadly,discussed,eos,results,presented,constitute,important,parts,development,polar,calibration,operation,database,eos
properties,spin-down,age,investigated,eos,based,assumption,uniform,magnetic,field,decay,law,suggest,new,method,allows,shed,light,magnetic,field,decay,eos,method,applied,following,selection,isolated,non-millisecond,pulsars,atnf,catalog,chosen,eos,pulsars,selection,spin-down,ages,years,eos,order,avoid,observational,selection,take,account,pulsars,closer,sun,kpc,eos,selection,restore,uniform,magnetic,field,decay,law,eos,appears,magnetic,field,decays,three,times,eos,years,eos,function,approximated,modified,power-law,eos,also,estimate,birthrate,pulsars,galaxy,find,eos,pulsars,per,century,eos
paper,considers,functional,linear,regression,scalar,responses,y_n,modeled,dependence,eos,eos,eos,random,functions,x_n,eos,study,generalization,classical,functional,linear,regression,model,eos,assumed,exists,unknown,number,points,impact,discrete,observation,times,corresponding,functional,values,possess,significant,influences,response,variable,eos,addition,estimating,functional,slope,parameter,problem,determine,number,locations,points,impact,well,corresponding,regression,coefficients,eos,identifiability,generalized,model,considered,detail,eos,shown,points,impact,identifiable,underlying,process,generating,x_n,possesses,specific,local,variation,eos,examples,well-known,processes,like,brownian,motion,fractional,brownian,motion,ornstein-uhlenbeck,process,eos,paper,proposes,easily,implementable,method,estimating,number,locations,points,impact,eos,shown,number,estimated,consistently,eos,furthermore,rates,convergence,location,estimates,regression,coefficients,slope,parameter,derived,eos,finally,simulation,results,well,real,data,application,presented,eos
approximations,laplace-beltrami,operators,manifolds,graph,lapla-cians,become,popular,tools,data,analysis,machine,learning,eos,discretized,operators,usually,depend,bandwidth,parameters,whose,tuning,remains,theoretical,practical,problem,eos,paper,address,problem,unnormalized,graph,laplacian,establishing,oracle,inequality,opens,door,well-founded,data-driven,procedure,bandwidth,selection,eos,approach,relies,recent,results,lacour,massart,so-called,lepski,method,eos
goals,work,provide,nir,polarimetry,stellar,sources,central,resolution,telescope,first,time,along,new,insights,nature,known,bright,bow-shock,sources,eos,use,assisted,observations,eso,vlt,ks-band,applying,high,precision,photometric,methods,developed,crowded,fields,new,polarimetric,calibration,naco,produce,polarization,maps,central,addition,spatially,resolved,polarimetry,variability,analysis,extended,sources,eos,find,foreground,polarization,parallel,galactic,plane,averages,eos,eos,eos,eos,center,eos,larger,distances,center,find,different,polarization,parameters,eos,eos,eos,eos,eos,p_h/p_ks,peaks,eos,eos,power,law,index,wavelength,dependency,alpha,eos,eos,eos,also,varies,fov,higher,values,center,indicating,local,effects,total,polarization,possibly,dichroic,extinction,northern,arm,dust,eos,two,extended,sources,irs,show,similar,intrinsic,polarization,degrees,eos,resp,eos,eos,eos,polarization,angles,coincident,previous,nir,mir,findings,total,resolved,eos,spatial,polarization,pattern,sources,points,scattering,aligned,elongated,dust,grains,major,source,intrinsic,polarization,matches,known,orientation,magnetic,field,eos,data,also,allows,separate,bow,shock,irs,central,source,first,time,ks-band,apex,north,center,standoff,distance,matching,previous,estimates,eos,source,also,shows,increase,flux,nir,several,years,eos
recent,contributions,framed,linear,system,identification,nonparametric,regularized,inverse,problem,eos,relying,regularization,accounts,stability,smoothness,impulse,response,estimated,approaches,shown,competitive,eos,eos,classical,parametric,methods,eos,paper,adopting,maximum,entropy,arguments,derive,new,penalty,deriving,vector-valued,kernel,exploit,structure,hankel,matrix,thus,controlling,time,complexity,measured,mcmillan,degree,stability,smoothness,identified,models,eos,special,case,recover,nuclear,norm,penalty,squared,block,hankel,matrix,eos,contrast,previous,literature,reweighted,nuclear,norm,penalties,kernel,described,small,number,hyper-parameters,iteratively,updated,marginal,likelihood,maximization,constraining,structure,kernel,acts,hyper,regularizer,helps,controlling,effective,degrees,freedom,estimator,eos,optimize,marginal,likelihood,adapt,scaled,gradient,projection,sgp,algorithm,proved,significantly,computationally,cheaper,first,second,order,off-the-shelf,optimization,methods,eos,paper,also,contains,extensive,comparison,many,state-of-the-art,methods,several,monte-carlo,studies,confirms,effectiveness,procedure,eos
consider,utility,maximization,problem,investment-consumption,portfolio,current,utility,depends,also,wealth,process,eos,kind,problems,arise,eos,eos,portfolio,optimization,random,horizon,random,trading,times,eos,overcome,difficulties,problem,use,dual,approach,eos,define,dual,problem,treat,means,dynamic,programming,showing,viscosity,solutions,associated,hamilton-jacobi-bellman,equation,belong,suitable,class,smooth,functions,eos,allows,define,smooth,solution,primal,hamilton-jacobi-bellman,equation,proving,solution,indeed,unique,suitable,class,coincides,value,function,primal,problem,eos,financial,applications,results,provided,eos
blaise,pascal,discovered,remarkable,property,hexagon,inscribed,conic,pascal,theorem,gave,birth,projective,geometry,eos,paper,new,geometric,invariant,algebraic,curves,discovered,different,comprehension,pascal,mystic,hexagram,pascal,theorem,eos,using,invariant,pascal,theorem,generalized,case,cubic,even,algebraic,curves,higher,degree,given,intersections,cubic,three,lines,common,zero,none,component,six,points,consisting,three,points,determined,pascal,mapping,applied,six,points,three,points,collinear,among,intersections,well,remaining,three,points,intersections,must,lie,conic,eos,generalization,differs,quite,bit,much,simpler,chasles,theorem,cayley-bacharach,theorems,eos
rectified,linear,units,relus,shown,ameliorate,vanishing,gradient,problem,allow,efficient,backpropagation,empirically,promote,sparsity,learned,parameters,eos,led,state-of-the-art,results,variety,applications,eos,however,unlike,threshold,sigmoid,networks,relu,networks,less,explored,perspective,expressiveness,eos,paper,studies,expressiveness,relu,networks,eos,characterize,decision,boundary,two-layer,relu,networks,constructing,functionally,equivalent,threshold,networks,eos,show,decision,boundary,two-layer,relu,network,captured,threshold,network,latter,may,require,exponentially,larger,number,hidden,units,eos,also,formulate,sufficient,conditions,corresponding,logarithmic,reduction,number,hidden,units,represent,sign,network,relu,network,eos,finally,experimentally,compare,threshold,networks,much,smaller,relu,counterparts,respect,ability,learn,synthetically,generated,data,eos
context,eos,sun,active,source,radio,emission,ranging,long,duration,radio,bursts,associated,solar,flares,coronal,mass,ejections,complex,short,duration,radio,bursts,solar,bursts,radio,spikes,fibre,bursts,eos,plasma,emission,thought,dominant,emission,mechanism,radio,bursts,electron-cyclotron,maser,ecm,mechanism,may,responsible,complex,short-duration,bursts,well,fine,structures,associated,long-duration,bursts,eos,aims,eos,investigate,conditions,ecm,solar,corona,considering,ratio,electron,plasma,frequency,electron-cyclotron,frequency,eos,ecm,theoretically,possible,eos,methods,eos,two-dimensional,electron,density,magnetic,field,plasma,frequency,electron,cyclotron,frequency,maps,off-,limb,corona,created,using,observations,sdo/aia,soho/lasco,together,potential,field,extrapolations,magnetic,field,eos,maps,used,calculate,alfven,velocity,maps,off-limb,corona,eos,results,eos,found,condition,ecm,emission,possible,heights,eos,r_sun,active,region,near,limb,magnetic,field,strengths,electron,densities,greater,cm-,eos,addition,found,comparatively,high,alfv\'en,velocities,eos,heights,eos,r_sun,within,active,region,eos,conclusions,eos,demonstrates,condition,ecm,emission,satisfied,within,areas,corona,containing,large,magnetic,fields,core,large,active,region,eos,therefore,ecm,could,possible,emission,mechanism,high-frequency,radio,microwave,bursts,eos
let,smooth,proper,variety,torsion,canonical,bundle,eos,suppose,line,bundle,eos,prove,pair,unobstructed,one,following,conditions,holds,line,bundle,ample,fundamental,group,finite,eos
present,combined,experimental,theoretical,study,primary,secondary,instabilities,kolmogorov-like,flow,eos,experiment,uses,electromagnetic,forcing,approximately,sinusoidal,spatial,profile,drive,quasi-two-dimensional,shear,flow,thin,layer,electrolyte,suspended,thin,lubricating,layer,dielectric,fluid,eos,theoretical,analysis,based,model,suri,eos,derived,first,principles,depth-averaging,full,three-dimensional,navier-stokes,equations,eos,strength,forcing,increased,flow,experiment,undergoes,series,bifurcations,compared,results,direct,numerical,simulations,model,eos,effects,confinement,forcing,profile,studied,performing,simulations,assume,spatial,periodicity,strictly,sinusoidal,forcing,well,simulations,realistic,no-slip,boundary,conditions,experimentally,validated,forcing,profile,eos,find,simulation,subject,physical,no-slip,boundary,conditions,realistic,forcing,profile,provides,close,quantitative,agreement,experiment,eos,analysis,offers,additional,validation,model,well,demonstration,importance,properly,modelling,forcing,boundary,conditions,eos
report,study,three-dimensional,outflow,structure,area,around,peak,orion,slit-scan,observations,slits,using,immersion,grating,infrared,spectrograph,eos,datacubes,high,velocity-resolution,eos,provide,high,contrast,imaging,within,ultra-narrow,bands,enable,detection,main,stream,previously,reported,outflow,fingers,eos,identified,distinct,fingers,eos,emission,eos,line,profile,finger,shows,multiple-velocity,peaks,strong,low-velocity,component,around,systemic,velocity,high,velocity,emission,indicating,typical,bow-shock,eos,observed,radial,velocity,gradients,arcsec,agree,well,velocities,inferred,large-scale,proper,motions,projected,motion,proportional,distance,common,origin,eos,construct,conceptual,map,fingers,estimated,inclination,angles,eos,extinction,difference,mag,blueshifted,redshifted,fingers,indicates,high,internal,extinction,eos,extinction,overall,angular,spread,scale,flow,argue,ambient,medium,high,density,consistent,molecular,line,observations,omc,core,eos,radial,velocity,gradients,distributions,fingers,together,support,hypothesis,simultaneous,radial,explosion,orion,outflow,eos
technical,report,describes,derivation,asymptotic,eigenvalue,distribution,causal,d-ar,models,upscaling,scenario,eos,specifically,tackles,analytical,derivation,asymptotic,eigenvalue,distribution,sample,autocorrelation,matrix,corresponding,genuine,upscaled,images,eos,also,includes,pseudocode,derived,approaches,resampling,detection,resampling,factor,estimation,based,analysis,eos
compact,binaries,promising,source,advanced,gravitational,wave,detectors,start,operating,year,eos,influence,spin,binary,evolution,important,consequence,general,relativity,large,eos,argued,spin,supplementary,condition,related,observer,dependence,center,gives,rise,gauge,symmetry,action,principle,spinning,point-particles,eos,spinning,point-particles,serve,analytic,model,extended,bodies,eos,internal,structure,modelled,augmenting,point-particle,higher-order,multipole,moments,eos,consequences,recently,discovered,universal,equation,state,independent,relations,multipole,moments,neutron,stars,discussed,eos
give,new,characterizations,ensure,free,product,groups,amalgamation,simple,reduced,group,c*-algebra,provide,concrete,example,amalgam,trivial,kernel,reduced,group,c*-algebra,unique,tracial,state,simple,eos,moreover,show,radical,class,groups,reduced,group,c*-algebra,group,simple,precisely,group,trivial,radical,corresponding,class,eos
using,large,suite,galaxies,variety,concentrations,metallicity,gradients,study,evolution,non-dissipative,dry,equal,mass,mergers,eos,purpose,generating,simulations,explore,metallicity,gradient,dry,mergers,depends,structure,metallicity,gradients,galaxies,involved,merger,eos,specifically,would,like,answer,could,dry,mergers,lead,metallicity,gradients,observed,elliptical,galaxies,local,universe,dry,mergers,always,lead,flattening,initial,eos,eos,pre-merger,gradient,modeling,conclude,ratio,remnant,initial,galaxy,slopes,span,wide,range,values,values,greater,values,greater,one,resulting,companions,gradients,twice,progenitor,eos,merger,two,ellipticals,identical,initial,metallicity,slopes,eos,eos,equal,companion,galaxy,slopes,metallicity,profile,remnant,flattens,final,gradient,eos,times,initial,one,eos,ellipticals,maintain,original,pre-merger,metallicity,gradient,companion,slope,sufficiently,steep,eos,amount,flattening,neither,depends,characteristics,orbit,progenitors,initial,concentration,eos,given,diversity,outcomes,mergers,conclude,dry,mergers,violate,observational,constraints,systematic,characteristics,metallicity,gradients,local,ellipticals,eos,fact,dry,mergers,may,important,within,context,results,simulations,may,explain,large,scatter,gradients,massive,ellipticals,relative,paucity,massive,ellipticals,shallow,metallicity,gradients,eos
origin,near-infrared,nir,emission,lines,young,stellar,objects,yet,understood,eos,probe,present,multi-epoch,lbt-lucifer,spectroscopic,observations,lines,observed,herbig,star,vvser,along,vlti-amber,spectro-interferometric,observations,medium,resolution,eos,spectroscopic,observations,show,line,profile,variability,lines,eos,strongest,variability,observed,redshifted,part,line,profiles,eos,spectro-interferometric,observations,indicate,line,emitting,region,smaller,continuum,emitting,region,eos,interpret,results,employed,radiative,transfer,models,three,different,flow,configurations,magnetospheric,accretion,magneto-centrifugally,driven,disc,wind,schematic,bipolar,outflow,eos,models,suggest,line,emission,vvser,dominated,contribution,extended,wind,perhaps,bipolar,outflow,eos,although,exact,physical,process,producing,outflow,known,model,capable,reproducing,averaged,single-peaked,line,profiles,lines,eos,additionally,observed,visibilities,differential,closure,phases,best,reproduced,wind,considered,eos,nevertheless,complex,line,profiles,variability,could,explained,changes,relative,contribution,magnetosphere,and/or,winds,line,emission,eos,might,indicate,nir,lines,formed,complex,inner,disc,region,inflow,outflow,components,might,coexist,eos,furthermore,contribution,mechanisms,line,appears,time,variable,suggesting,non-steady,accretion/ejection,flow,eos
generalized,effective,potential,motion,lifshitz,geometry,arbitrary,value,dynamical,exponent,presented,eos,based,effective,potential,energy,shall,show,bounded,orbits,forbidden,positive,values,allowed,negative,values,eos,stability,bounded,orbits,analysed,full,detail,eos,besides,comparison,quote,theorem,helpful,searching,thermodynamical,properties,gravitational,black,holes,eos,based,theorem,generalized,thermodynamic,properties,lifshitz,black,holes,computed,eos,examples,given,entropy,still,satisfies,area,law,eos,calculated,mass,temperature,entropy,satisfy,first,thermodynamic,principle,black,holes,smarr,formula,eos
meped,instruments,board,noaa,poes,andmetop,satellites,continuously,measuring,energetic,particles,magnetosphere,since,eos,however,degradation,proton,detectors,time,leads,increase,energy,thresholds,instrument,imposes,great,challenges,studies,long-term,variability,near-earth,space,environment,well,general,quantification,proton,fluxes,eos,comparing,monthly,mean,accumulated,integral,flux,new,old,satellite,magnetic,local,time,mlt,time,period,estimate,change,energy,thresholds,eos,first,monthly,energy,spectra,new,satellite,used,reference,derived,monthly,correction,factors,year,old,satellite,show,small,spread,indicating,robust,calibration,procedure,eos,method,enables,determine,first,time,correction,factors,also,highest-energy,channels,proton,detector,eos,addition,make,use,newest,satellite,orbit,metop-,find,correction,factors,noaa,metop-,satellites,eos,without,taking,account,level,degradation,proton,data,one,satellite,used,quantitatively,years,launch,eos,electron,detectors,vulnerable,contamination,energetic,protons,corrected,proton,measurements,value,electron,flux,measurements,eos,thus,correction,factors,ensure,correctness,proton,electron,measurements,eos
study,introduce,concept,uniformly,primary,ideals,commutative,rings,imposes,certain,boundedness,condition,usual,notion,primary,ideals,commutative,rings,eos,investigate,properties,uniformly,primary,ideals,commutative,rings,examples,eos,also,investigate,specific,kind,uniformly,primary,ideals,name,special,primary,ideals,eos
define,holographic,dual,donaldson-witten,topological,twist,gauge,theories,riemannian,four-manifold,eos,described,class,asymptotically,locally,hyperbolic,solutions,gauged,supergravity,five,dimensions,four-manifold,conformal,boundary,eos,ads/cft,minus,logarithm,partition,function,gauge,theory,identified,holographically,renormalized,supergravity,action,eos,show,latter,independent,metric,boundary,four-manifold,required,topological,theory,eos,supersymmetric,solutions,bulk,satisfy,first,order,differential,equations,twisted,structure,extends,quaternionic,kahler,structure,exists,riemannian,four-manifold,boundary,eos,comment,applications,extensions,including,generalizations,topological,twists,eos
observed,structures,recently,uncovered,study,calogero-sutherland,models,anyons,close,analogs,well-known,structures,boundary,conformal,field,theory,eos,examples,boundary,conformal,quantum,mechanics,spite,apparent,simplicity,rather,reach,structure,including,sort,t-duality,could,provide,useful,frameworks,testing,general,properties,boundary,conformal,theories,eos,particular,interest,duality,properties,anyons,calogero-sutherland,particles,presence,boundary-violations,conformal,invariance,briefly,analyzed,leading,conjecture,general,interconnection,deformed,boundary,conformal,quantum,mechanics,t-type,duality,exchange,exclusion,exotic,statistics,eos,results,point-particle,quantum-mechanics,side,compared,recent,results,action,t-duality,open,strings,satisfy,conformal-invariance-violating,boundary,conditions,eos,moreover,observed,special,properties,anyon,calogero-sutherland,quantum,mechanics,also,enjoyed,atrix,quantum,mechanics,recently,attracted,considerable,attention,eos
understanding,soft,particles,fill,space,still,open,question,eos,structures,far,classical,fcc,bcc,phases,commonly,observed,eos,recently,reported,existence,frank-kasper,phase,hexagonal,symmetry,mgzn,type,also,labelled,superlattices,monodisperse,hydrophobically-coated,gold,particles,room,temperature,obtained,suspensions,various,solvents,eos,existence,structure,system,analysed,using,balance,ligand,elasticity,deformed,shell,van,der,waals,attraction,metallic,cores,eos,depending,geometrical,parameters,systems,including,gold,core,diameter,ligand,length,grafting,density,different,phases,predicted,bcc,eos,result,opens,route,towards,controlling,building,nanoparticle,superlattices,complex,structures,thus,original,physical,properties,eos
recent,work,milgrom,blanchet,novak,authors,showed,modified,newton,dynamics,mond,non-negligible,secular,perturbation,effect,planets,large,semi-major,axes,gaseous,planets,solar,system,eos,comets,also,eccentric,orbit,large,semi-major,axis,halley,family,comets,going,far,away,sun,low,acceleration,regime,would,subject,mond,perturbation,eos,also,approach,sun,closely,less,affected,sublimation,ices,nucleus,triggering,so-called,non-gravitational,forces,eos,main,goal,paper,investigate,effect,mond,perturbation,three,comets,various,orbital,elements,p/encke,p/halley,p/ikeya-zhang,compare,non-gravitational,perturbations,eos,motivated,fact,fitting,outgassing,model,comet,take,account,small,perturbing,effects,avoid,absorbing,effects,non-gravitational,parameters,eos,otherwise,could,derive,completely,wrong,estimation,outgassing,eos,work,use,six,different,forms,mond,functions,compute,secular,variations,orbital,elements,due,mond,non-gravitational,perturbations,eos,show,comets,large,semi-major,axis,mondian,effects,negligible,compared,non-gravitational,perturbations,eos
derive,high,frequency,limit,helmholtz,equation,source,term,source,sum,two,point,sources,eos,study,terms,wigner,measures,quadratic,observables,eos,prove,wigner,measure,associated,solution,satisfies,liouville,equation,source,term,sum,source,terms,would,created,two,point,sources,taken,separately,eos,first,step,main,difficulty,study,obtention,uniform,estimates,solution,eos,bounds,derive,source,term,liouville,equation,together,radiation,condition,infinity,satisfied,wigner,measure,eos
study,limit,shape,successive,coronas,tiling,models,growth,crystals,eos,define,basic,terminologies,discuss,existence,uniqueness,corona,limits,prove,corona,limits,completely,characterized,directional,speeds,eos,result,show,corona,limit,periodic,tiling,convex,polyhedron,symmetric,respect,origin,eos
supervenience,important,philosophical,concept,eos,paper,inspired,supervenience-determined,consequence,relation,semantics,agreement,operator,introduce,modal,logic,supervenience,dyadic,operator,supervenience,sole,modality,eos,semantics,supervenience,modality,natural,correspond,supervenience-determined,consequence,relation,quite,similar,way,strict,implication,corresponds,inference-determined,consequence,relation,eos,show,new,logic,expressive,modal,logic,agreement,proposing,notion,bisimulation,latter,logic,eos,provide,sound,proof,system,new,logic,eos,also,lift,general,logics,supervenience,eos,related,compare,propositional,logic,determinacy,non-contingency,expressive,powers,give,axiomatizations,propositional,logic,determinacy,various,classes,frames,thereby,resolving,open,research,direction,listed,in~\cite,sec,eos,eos,gorankoetal,eos,corollary,also,present,alternative,axiomatization,propositional,logic,determinacy,universal,models,eos,conclude,lot,future,work,eos
acoustic,reflector,localization,important,issue,audio,signal,processing,direct,applications,spatial,audio,scene,reconstruction,source,separation,eos,several,methods,recently,proposed,estimate,positions,acoustic,reflectors,given,room,impulse,responses,rirs,eos,article,categorize,methods,image-source,reversion,localizes,image,source,finding,reflector,position,direct,localization,localizes,reflector,without,intermediate,steps,eos,present,five,new,contributions,eos,first,onset,detector,called,clustered,dynamic,programming,projected,phase-slope,algorithm,proposed,automatically,extract,time,arrival,early,reflections,within,rirs,compact,microphone,array,eos,second,propose,image-source,reversion,method,uses,rirs,single,loudspeaker,eos,constructed,combining,image,source,locator,image,source,direction,range,isdar,algorithm,reflector,locator,using,loudspeaker-image,bisection,lib,algorithm,eos,third,two,variants,exploiting,multiple,loudspeakers,proposed,eos,fourth,present,direct,localization,method,ellipsoid,tangent,sample,consensus,etsac,exploiting,ellipsoid,properties,localize,reflector,eos,finally,systematic,experiments,simulated,measured,rirs,presented,comparing,proposed,methods,state-of-the-art,eos,etsac,generates,errors,lower,alternative,methods,compared,datasets,eos,nevertheless,isdar-lib,combination,performs,well,run,time,times,faster,etsac,eos
recently,algebraic,realization,four-dimensional,pachner,move,found,terms,grassmann,gaussian,exponentials,remarkable,nonlinear,parameterization,going,terms,eos,define,given,triangulated,four-dimensional,manifold,chain,complex,intimately,related,mentioned,parameterization,thus,providing,basis,algebraic,realizations,four-dimensional,pachner,moves,eos
writing,dirty,paper,capacity,result,crucially,dependents,perfect,channel,knowledge,transmitter,presence,even,small,uncertainty,channel,realization,gravely,hampers,ability,transmitter,pre-code,transmission,channel,state,eos,particularly,disappointing,implies,interference,pre-coding,practical,systems,effective,channel,estimates,users,high,precision,condition,generally,unattainable,wireless,environments,eos,paper,show,substantial,improvements,possible,state,sequence,drawn,discrete,distribution,constrained,input,constellation,state,decoding,approximately,optimal,eos,consider,writing,dirty,paper,channel,state,sequence,multiplied,fast,fading,process,derive,conditions,fading,state,distributions,state,decoding,closely,approaches,capacity,eos,conditions,intuitively,relate,ability,receiver,correctly,identify,input,state,realization,despite,uncertainty,introduced,fading,eos
radial-velocity,signals,induce,variations,order,magnitude,larger,signal,created,orbit,earth-twins,thus,preventing,detection,eos,goal,paper,compare,efficiency,different,methods,used,deal,stellar,signals,recover,extremely,low-mass,planets,despite,eos,however,observed,variations,m/s,precision,level,combination,signals,induced,unresolved,orbiting,planets,star,instrument,performing,comparison,using,real,data,extremely,challenging,eos,circumvent,problem,generated,simulated,measurements,including,realistic,stellar,planetary,signals,eos,different,teams,analyzed,blindly,simulated,measurements,using,method,recover,planetary,signals,despite,stellar,signals,eos,comparing,results,obtained,different,teams,planetary,stellar,parameters,used,generate,simulated,rvs,therefore,possible,compare,efficiency,different,methods,eos,efficient,methods,recover,planetary,signals,take,account,different,activity,indicators,use,red-noise,models,account,stellar,signals,bayesian,framework,provide,model,comparison,robust,statistical,approach,eos,using,efficient,methodology,planets,found,k/n=,k_pl/rv_rms*sqrt,n_obs,threshold,k/n=,eos,level,recovery,rate,found,number,methods,eos,recovery,rates,drop,dramatically,k/n,smaller,threshold,eos,addition,best,teams,false,positives,k/n,eos,detected,non-negligible,fraction,appear,smaller,k/n,eos,limit,k/n,eos,seems,therefore,safe,threshold,attest,veracity,planetary,signals,measurements,similar,properties,different,fitting,challenge,systems,eos
square-lattice,quantum,heisenberg,antiferromagnet,displays,pronounced,anomaly,unknown,origin,magnetic,excitation,spectrum,eos,anomaly,manifests,short,wavelength,excitations,propagating,along,direction,connecting,nearest,neighbors,eos,using,polarized,neutron,spectroscopy,fully,characterized,magnetic,fluctuations,model,metal-organic,compound,cftd,revealing,isotropic,continuum,anomaly,indicative,fractional,excitations,eos,theoretical,framework,based,gutzwiller,projection,method,developed,explain,origin,continuum,anomaly,eos,indicates,anomaly,arises,deconfined,fractional,spin-,quasiparticle,pairs,analog,spinons,eos,away,anomaly,conventional,spin-wave,spectrum,recovered,pairs,fractional,quasiparticles,bind,form,spin-,magnons,eos,results,therefore,establish,existence,fractional,quasiparticles,simplest,model,two,dimensional,antiferromagnet,even,absence,frustration,eos
magnetic,multilayers,srruo_,srmno_,grown,artificially,using,pulsed,laser,deposition,technique,srtio_,substrates,eos,state,strain,interfaces,structural,coherency,studied,details,utilizing,asymmetrical,diffraction,method,eos,first,evolution,lattice,parameters,crystallinity,epitaxy,films,evaluated,function,number,srmno_,unit,cells,using,diffraction,transmission,electron,microscopy,eos,second,results,stress,indicate,srruo_,superlattices,show,larger,residual,strain,compared,single,layer,film,srruo_,eos,suggests,lattice,stiffening,interfacial,strain,inhibiting,dislocation,composition,modulation,eos,finally,results,bring,insights,interfacial,stress,measurements,oxide,multilayers,used,control,physical,properties,level,atomic,scale,eos
undirected,edge-weighted,graph,set,pairs,vertices,called,pairs,terminals,multicut,set,edges,removing,edges,disconnects,pair,eos,provide,algorithm,computing,minimum,multicut,graph,time,g+t,g+t,g+t,genus,number,terminals,eos,result,tight,several,aspects,minimum,multicut,problem,apx-hard,parameterized,number,terminals,even,planar,graphs,equivalently,eos,order,achieve,article,leverages,novel,characterization,minimum,multicut,family,steiner,trees,universal,cover,surface,embedded,eos,algorithm,heavily,relies,topological,techniques,particular,use,homotopical,tools,computations,covering,spaces,blend,classic,ideas,stemming,approximation,schemes,planar,graphs,low-dimensional,geometric,inputs,eos
demonstrate,laser,driven,acceleration,electrons,mev-scale,energies,khz,repetition,rate,using,pulses,focused,near-critical,density,gas,jets,eos,using,gas,jet,electron,acceleration,eos,mev,bunches,observed,laser,pulse,energy,low,eos,eos,increasing,pulse,energy,measure,charge,bunches,mev,energy,gas,jets,eos
nonlinear,propagation,optical,pulses,dielectric,waveguides,resonators,provides,laboratory,investigate,wide,range,remarkable,interactions,eos,many,resulting,phenomena,find,applications,optical,systems,eos,one,example,dispersive,wave,generation,optical,analog,cherenkov,radiation,eos,waves,essential,role,fiber,spectral,broadeners,routinely,used,spectrocopy,metrology,eos,dispersive,waves,form,soliton,pulse,begins,radiate,power,result,higher-order,dispersion,eos,recently,dispersive,wave,generation,microcavities,reported,phase,matching,waves,dissipative,kerr,cavity,dkc,solitons,eos,shown,spatial,mode,interactions,within,microcavity,also,used,induce,dispersive,waves,eos,interactions,normally,avoided,altogether,dkc,soliton,generation,eos,soliton,self,frequency,shift,also,shown,induce,fine,tuning,control,dispersive,wave,frequency,eos,mechanism,spatial,mode,interactions,provide,new,method,spectrally,control,important,waves,eos
oxygen,vacancy,common,native,point,defects,plays,crucial,roles,determining,physical,chemical,properties,metal,oxides,zno,eos,however,fundamental,understanding,still,sparse,eos,specifically,whether,mainly,responsible,n-type,conductivity,zno,still,unsettled,past,fifty,years,eos,report,study,oxygen,self-diffusion,conceiving,growing,oxygen-isotope,zno,heterostructures,delicately-controlled,chemical,potential,fermi,level,eos,diffusion,process,found,predominantly,mediated,eos,demonstrate,contrast,general,belief,neutral,attribute,oxygen,vacancies,zno,actually,charged,thus,responsible,unintentional,n-type,conductivity,well,non-stoichiometry,zno,eos,methodology,extended,study,oxygen-related,point,defects,energetics,technologically,important,oxide,materials,eos
candidate,thorne-\,eos,zytkow,object,eos,becoming,well-studied,enigmatic,object,eos,key,point,candidacy,eos,whether,resides,small,magellanic,cloud,smc,eos,detections,series,photometric,catalogues,resulted,contradictory,estimates,proper,motion,therefore,membership,within,smc,eos,letter,seeks,resolve,issue,smc,membership,reanalysis,extant,photometric,data,eos,also,demonstrate,difficulties,downfalls,inherent,considering,range,catalogue,proper,motions,eos,conclude,proper,motion,associated,ancillary,radial,velocity,positional,photometric,properties,fully,consistent,within,smc,thus,remains,candidate,eos,eos
ptfo,represents,first,transiting,exoplanet,candidate,orbiting,pre-main-sequence,star,eos,find,unusual,lightcurve,shapes,ptfo,explained,transits,planet,across,oblate,gravity-darkened,stellar,disk,eos,simultaneously,self-consistently,fit,two,separate,lightcurves,observed,december,december,eos,two,self-consistent,fits,yield,m_p,eos,m_jup,m_p,eos,m_jup,assumed,stellar,masses,m_*,eos,m_sun,m_*,eos,m_sun,respectively,eos,two,fits,precession,periods,days,days,eos,mass,determinations,consistent,previous,upper,limits,along,strength,gravity-darkened,precessing,model,together,validate,ptfo,second,hot,jupiter,known,orbit,m-dwarf,eos,fits,show,high,degree,spin-orbit,misalignment,ptfo,system,eos,eos,degrees,two,cases,eos,large,misalignment,consistent,hypothesis,planets,become,hot,jupiters,random,orbital,plane,alignments,early,system,lifetime,eos,predict,result,highly,misaligned,precessing,system,transits,disappear,months,time,course,system,precession,period,eos,precessing,gravity-darkened,model,also,predicts,observable,effects,changing,orbit,inclination,could,detected,radial,velocity,observations,changing,stellar,inclination,would,manifest,varying,sin,changing,projected,spin-orbit,alignment,could,seen,rossiter-mclaughlin,effect,changing,transit,shapes,course,precession,differing,lightcurves,function,wavelength,eos,measured,planet,radii,eos,r_jup,eos,r_jup,case,consistent,young,hydrogen-dominated,planet,results,hot-start,formation,mechanism,eos
study,following,geometric,representation,problem,given,graph,whose,vertices,correspond,axis-aligned,rectangles,fixed,dimensions,arrange,rectangles,without,overlaps,plane,two,rectangles,touch,graph,contains,edge,eos,problem,called,contact,representation,word,networks,crown,since,formalizes,geometric,problem,behind,drawing,word,clouds,semantically,related,words,close,eos,crown,known,np-hard,approximation,algorithms,certain,graph,classes,optimization,version,max-crown,realizing,desired,adjacency,yields,certain,profit,eos,present,first,algorithm,general,case,input,complete,weighted,graph,bipartite,case,eos,since,subgraph,realized,adjacencies,necessarily,planar,also,consider,several,planar,graph,classes,namely,stars,trees,outerplanar,planar,graphs,improving,upon,known,results,eos,graph,classes,also,describe,improvements,unweighted,case,adjacency,yields,profit,eos,finally,show,problem,apx-hard,bipartite,graphs,bounded,maximum,degree,eos
propose,stability,analysis,method,sampled-data,switched,linear,systems,finite-level,static,quantizers,eos,closed-loop,system,information,active,mode,plant,transmitted,controller,sampling,time,eos,limitation,switching,information,leads,mode,mismatch,plant,controller,system,may,become,unstable,eos,mode,mismatch,also,makes,difficult,find,attractor,set,state,trajectory,converges,eos,switching,condition,stability,characterized,total,time,modes,plant,controller,different,eos,condition,derive,ultimate,bound,state,trajectories,using,common,lyapunov,function,computed,randomized,algorithm,eos,switching,condition,reduced,dwell-time,condition,eos
stimulated,emission,depletion,microscopy,inspired,direct,laser,writing,sted-dlw,processes,offer,diffraction-unlimited,fabrication,d-structures,possible,traditional,electron-beam,optical,lithography,eos,propose,hyperbolic,metamaterial,fabrication,sted-dlw,eos,first,design,meandering,wire,structures,three,different,magnetic,dipoles,excited,different,incidences,light,eos,based,effective,parameters,corresponding,normal,incidence,lateral,incidence,find,hyperbolic,dispersion,relation,five-layer,structure,appears,thz,thz,eos,finally,investigate,influence,imaginary,parts,effective,parameters,metamaterial,dispersion,eos,proposed,metamaterial,structure,also,potential,three-dimensionally,isotropic,permeability,despite,geometric,anisotropy,eos
general,key,problems,relation,application,self-organizing,structures,theory,analysis,current,cooperative,phenomena,discussed,eos,particularly,present,new,results,analysis,burning,problem,form,qubit,network,eos,recently,proc,eos,inst,eos,physics,technol,eos,russian,acad,eos,sci,eos,trudy,ftian,vol,eos,accepted,publication,jan,eos,proposed,new,method,quantum,computer,implementation,based,self-organizing,structures,eos,consider,detail,essence,new,proposals,theoretical,argumentation,eos,shown,self-organizing,structures,dissipative,ones,thermodynamically,equilibrium,structures,off-diagonal,long-range,order,promising,form,qubit,network,eos,confirmed,results,investigations,relative,following,items,open,resonator,periodic,boundaries,conditions,create,specific,distribution,modes,effect,field,crystallization,use,effect,create,proficient,coherentized,system,neutral,atoms,traps,achieve,precise,localization,equilibrium,systems,temperatures,critical,ones,special,state,off-diagonal,long-range,order,eos,eos,state,macroscopic,quantum,coherence,phase,transition,photons,condensation,two-level,atoms,interacting,radiation,mode,resonator,superradiant,phase,transition,order-disorder,type,ferroelectrics,cavity,electromagnetic,field,advantage,systems,capable,self-organization,including,suppression,temperature,influence,decoherence,factor,acting,work,states,qubits,atoms,ferroelectric,molecules,also,coherent,character,direct,dipole-dipole,interaction,qubits,case,ferroelectrics,items,eos
paper,found,lagrangian,representation,corresponding,hamiltonian,structure,constant,astigmatism,equation,eos,utilizing,hamiltonian,structure,extra,conservation,law,densities,construct,first,evolution,commuting,flow,third,order,eos,also,apply,recursion,operator,present,second,hamiltonian,structure,eos,bi-hamiltonian,structure,allows,replicate,infinitely,many,local,commuting,flows,corresponding,local,conservation,law,densities,eos
test,collections,commonly,employed,evaluate,effectiveness,information,retrieval,systems,constructing,collections,become,increasingly,expensive,recent,years,collection,sizes,grown,ever-larger,eos,address,propose,new,learning-to-rank,topic,selection,method,reduces,number,search,topics,needed,reliable,evaluation,systems,eos,part,work,also,revisit,deep,eos,shallow,judging,debate,whether,better,collect,many,relevance,judgments,topics,judgments,many,topics,eos,consider,number,factors,impacting,trade-off,topics,selected,topic,familiarity,judges,topic,generation,cost,may,impact,budget,utilization,resultant,quality,judgments,eos,experiments,nist,trec,robust,robust,test,collections,show,method,ability,reliably,evaluate,systems,using,fewer,topics,also,topics,intelligently,selected,deep,judging,often,cost-effective,shallow,judging,achieving,level,evaluation,reliability,eos,topic,familiarity,construction,costs,also,seen,notably,impact,evaluation,cost,eos,reliability,tradeoff,provide,evidence,supporting,deep,judging,practice,eos
propose,general,vortex,nucleation,mechanisms,analogous,hydrodynamic,instability,calculate,associated,critical,velocity,agreement,experiments,eos,creation,vortices,via,extrinsic,mechanism,driven,formation,surface,vorticity,sheet,created,flow,reaches,critical,size,eos,sheet,screens,attraction,half-vortex,ring,wall,barrier,vortex,nucleation,disappears,vortex,nucleation,started,eos,intrinsic,mechanism,creation,big,vortex,ring,transforms,vortex,driven,fluctuative,generation,small,vortex,rings
design-oriented,boundary,conditions,subharmonic,oscillations,great,interest,recently,eos,based,subharmonic,oscillation,boundary,condition,reported,phd,thesis,decade,ago,extended,new,boundary,conditions,derived,closed,forms,general,switching,dc-dc,converters,eos,sampled-data,harmonic,balance,analyses,applied,generate,equivalent,results,eos,shown,equivalent,series,resistance,causes,boundary,conditions,voltage/current,mode,control,similar,forms,eos,recently,reported,boundary,conditions,become,special,cases,view,general,boundary,conditions,derived,eos,new,nyquist-like,design-oriented,plots,proposed,predict,prevent,occurrence,subharmonic,oscillation,eos,relation,crossover,frequency,subharmonic,oscillation,also,analyzed,eos
ad-hoc,querying,process,slow,error,prone,due,inability,business,experts,accessing,data,directly,without,involving,experts,eos,problem,lies,complexity,means,used,query,data,eos,propose,new,natural,language-,semistar,ontology-based,ad-hoc,querying,approach,lowers,steep,learning,curve,required,able,query,data,eos,proposed,approach,would,significantly,shorten,time,needed,master,ad-hoc,querying,gain,direct,access,data,business,experts,thus,facilitating,decision,making,process,enterprises,government,institutions,organizations,eos
x-ray,emission,common,feature,varieties,isolated,neutron,stars,ins,thanks,advent,sensitive,instruments,good,spectroscopic,timing,imaging,capabilities,x-ray,observations,become,essential,tool,study,objects,eos,non-thermal,x-rays,young,energetic,radio,pulsars,detected,since,beginning,x-ray,astronomy,long-sought,thermal,emission,cooling,neutron,star's,surfaces,studied,detail,many,pulsars,spanning,different,ages,magnetic,fields,possibly,surface,compositions,eos,addition,different,manifestations,ins,discovered,x-ray,observations,eos,new,classes,high-energy,sources,comprising,nearby,x-ray,dim,isolated,neutron,stars,central,compact,objects,supernova,remnants,anomalous,x-ray,pulsars,soft,gamma-ray,repeaters,add,several,tens,confirmed,members,plus,many,candidates,allow,study,variety,phenomena,unobservable,standard,radio,pulsars,eos
paper,introduce,simple,procedure,computing,macroscopic,quantum,behaviour,periodic,quantum,systems,high,energy,regime,eos,macroscopic,quantum,coherence,ascribed,one-particle,state,condensate,many-particle,system,referring,system,high,energy,degrees,freedom,eos,show,first,order,approximation,quantum,probability,distributions,converge,classical,counterparts,clear,fashion,interference,effects,strongly,suppressed,eos,harmonic,oscillator,provides,testing,ground,ideas,yields,excellent,results,eos
project,found,improved,lower,bounds,van,der,waerden,numbers,eos,number,length,shortest,sequence,colors,different,colors,guarantees,evenly-spaced,subsequence,arithmetic,progression,color,length,eos,applied,existing,techniques,rabung,using,primitive,roots,prime,numbers,herwig,cyclic,zipper,method,improved,rabung,lotts,eos,used,much,computing,power,teraflops,using,distributed,computing,larger,prime,numbers,million,compared,million,rabung,lotts,eos,used,colors,length,compared,colors,length,previous,work,eos,lower,bounds,grow,roughly,geometrically,ratio,converging,towards,equals,eos,conjecture,exact,numbers,grow,rate,large,eos
performed,initio,calculations,series,energetic,solids,explore,structural,electronic,properties,eos,evaluate,ground,state,volume,molecular,solids,different,dispersion,correction,methods,accounted,dft,namely,tkatchenko-scheffler,method,without,self-consistent,screening,grimme,methods,vdw-df,method,eos,results,reveals,dispersion,correction,methods,essential,understanding,complex,structures,van,der,waals,interactions,hydrogen,bonding,eos,calculated,ground,state,volumes,bulk,moduli,show,performance,method,unique,therefore,careful,examination,mandatory,interpreting,theoretical,predictions,eos,work,also,emphasizes,importance,quasiparticle,calculations,predicting,band,gap,obtained,approximation,eos,find,obtained,band,gaps,ranging,different,compounds,indicating,insulating,nature,eos,addition,show,essential,role,quasiparticle,band,structure,calculations,correlate,gap,energetic,properties,eos
entanglement,paramount,importance,quantum,information,theory,eos,supremacy,classical,correlations,demonstrated,numerous,information,theoretic,protocols,eos,study,possible,adequacy,quantum,entanglement,bayesian,game,theory,particularly,social,welfare,solution,sws,strategy,players,follow,maximize,sum,payoffs,eos,given,multi-partite,quantum,state,advice,players,come,several,correlated,strategies,performing,local,measurements,parts,quantum,state,eos,quantum,strategy,called,quantum-sws,advantageous,classical,equilibrium,strategy,sense,none,players,sacrifice,ce-payoff,rather,incentive,time,maximizes,sum,players,payoffs,possible,quantum,advantageous,strategies,eos,quantum,state,yielding,quantum-sws,coined,quantum,social,welfare,advice,swa,eos,interestingly,show,two-qubit,pure,entangled,states,even,arbitrarily,close,product,state,serve,quantum-swa,bayesian,game,eos,result,thus,gives,cognizance,fact,every,two-qubit,pure,entanglement,best,resource,operational,task,eos
review,recent,progress,two,e^+,e^-,factories,eos,first,measurement,violation,prospects,measuring,angles,unitarity,triangle,discussed,eos
analyze,mock,modular,behavior,partition,function,introduced,andrews,dixit,schultz,yee,eos,function,arose,study,smallest,parts,functions,related,classical,third,order,mock,theta,functions,one,eos,find,modular,completion,simply,harmonic,maass,form,instead,derivative,product,various,harmonic,maass,forms,theta,functions,eos,call,higher,depth,mock,modular,form,precisely,describe,behavior,modular,transformations,eos
paper,study,stochastic,quasi-geostrophic,equation,general,parameter,multiplicative,noise,eos,prove,existence,weak,solutions,markov,selections,multiplicative,noise,eos,subcritical,case,prove,existence,uniqueness,probabilistically,strong,solutions,eos,moreover,prove,ergodicity,solution,stochastic,quasi-geostrophic,equations,subcritical,case,driven,possibly,degenerate,noise,eos,law,large,numbers,solution,stochastic,quasi-geostrophic,equations,subcritical,case,also,established,eos,case,nondegenerate,noise,addition,exponential,ergodicity,proved,eos
mechanical,properties,porous,sofc,electrodes,largely,determined,microstructures,eos,measurements,elastic,properties,microstructural,parameters,achieved,modelling,digitally,reconstructed,volumes,based,real,electrode,microstructures,eos,however,reliability,measurements,greatly,dependent,processing,raw,images,acquired,reconstruction,eos,work,actual,microstructures,eos,eos,eos,eos,lscf,cathodes,sintered,elevated,temperature,reconstructed,based,dual-beam,fib/sem,tomography,eos,key,microstructural,elastic,parameters,estimated,correlated,eos,analyses,sensitivity,grayscale,threshold,value,applied,image,segmentation,performed,eos,important,microstructural,parameters,included,porosity,tortuosity,specific,surface,area,particle,pore,size,distributions,inter-particle,neck,size,distribution,may,varying,extent,effect,elastic,properties,simulated,microstructures,using,fem,eos,results,showed,different,threshold,value,range,would,result,different,degree,sensitivity,specific,parameter,eos,estimated,porosity,tortuosity,sensitive,surface,area,volume,ratio,eos,pore,neck,size,found,less,sensitive,particle,size,eos,results,also,showed,modulus,essentially,sensitive,porosity,largely,controlled,threshold,value,eos
simple,models,weakly,interacting,massive,particles,wimps,predict,dark,matter,annihilations,pairs,electroweak,gauge,bosons,higgses,tops,subsequent,cascade,decays,produce,spectrum,gamma,rays,eos,intriguingly,excess,gamma,rays,coming,near,galactic,center,consistently,observed,fermi,data,eos,recent,analysis,fermi,collaboration,confirms,earlier,results,eos,taking,account,systematic,uncertainties,modelling,gamma,ray,backgrounds,show,first,time,excess,well,fit,final,states,eos,particular,annihilations,dark,matter,mass,threshold,approximately,gev,gives,acceptable,fit,eos,fit,range,b\bar,also,enlarged,gev,m_\chi,gev,eos,compared,previous,fits,concluded,much,lighter,dark,matter,annihilating,light,quark,final,states,could,describe,excess,eos,demonstrate,simple,well-motivated,models,wimp,dark,matter,including,thermal-relic,neutralino,mssm,higgs,portal,models,well,simplified,models,explain,excess,eos
game,played,team,two,say,alice,bob,value,random,variable,revealed,alice,freely,communicate,bob,eos,instead,given,quantum,system,respectively,classical,system,put,possession,bob,state,wishes,eos,evaluate,successfully,managed,store,recover,value,used,system,requiring,bob,specify,value,giving,reward,value,team,eos,show,whatever,probability,distribution,reward,function,using,quantum,system,maximum,expected,reward,obtainable,best,possible,team,strategy,equal,obtainable,use,classical,system,eos,proof,relies,mixed,discriminants,positive,matrices,perhaps,surprisingly,application,supply,demand,theorem,bipartite,graphs,eos,corollary,get,infinite,set,new,dimension,dependent,inequalities,regarding,positive,operator,valued,measures,density,operators,complex,eos,corollary,see,greatest,value,respect,given,distribution,mutual,information,obtainable,using,quantum,system,equals,analogous,maximum,classical,system,eos
thermopower,electrical,resistivity,measurements,transverse,conducting,chains,quasi-one-dimensional,metal,eos,reported,temperature,range,eos,interchain,transport,determined,thermal,excitation,charge,carriers,valence,band,eos,fermi,level,giving,rise,large,p-type,thermopower,coincides,small,n-type,thermopower,along,chains,eos,dichotomy,semiconductor-like,one,direction,metallic,mutually,perpendicular,direction,gives,rise,substantial,transverse,thermoelectric,effects,transverse,figure,merit,among,largest,known,single,compound,eos
many,aquatic,organisms,exhibit,remarkable,abilities,detect,track,chemical,signals,foraging,mating,escaping,eos,example,male,copepod,eos,longicornis,identifies,female,open,ocean,following,chemically-flavored,trail,eos,develop,mathematical,framework,local,sensory,system,able,detect,local,concentration,field,adjust,orientation,accordingly,eos,show,system,able,detect,track,chemical,trails,without,knowing,trail's,global,relative,position,eos
lhcb,found,hints,physics,beyond,standard,model,b\to,k^*\mu^+\mu^-,b\to,k^*\mu^+\mu^-/b\to,k^*e^+e^-,b_s\to\phi\mu^+\mu^-,eos,addition,babar,results,b\to,cms,excess,h\to\tau^\pm\mu^\mp,also,point,towards,lepton,flavour,universality,violating,new,physics,eos,b\to,h\to\tau^\pm\mu^\mp,naturally,explained,extended,higgs,sector,probably,promising,explanation,b\to,s\mu\mu,anomalies,boson,eos,furthermore,combining,hdm,gauged,l_\mu-l_\tau,symmetry,allows,explaining,b\to,s\mu^+\mu^-,anomalies,h\to\tau^\pm\mu^\mp,simultaneously,interesting,correlations,eos,light,deviations,also,discuss,possibilities,observing,lepton,flavour,violating,decays,eos,eos,b\to,b_s\to\tau^\pm\mu^\mp,z^\prime,models,eos
paper,describes,algorithms,reconstruction,identification,electrons,central,region,atlas,detector,large,hadron,collider,lhc,eos,algorithms,used,atlas,results,electrons,final,state,based,collision,data,produced,lhc,tev,eos,efficiency,algorithms,together,charge,misidentification,rate,measured,data,evaluated,simulated,samples,using,electrons,z\rightarrow,z\rightarrow,ee\gamma,j/\psi,decays,eos,efficiency,measurements,full,recorded,data,set,corresponding,integrated,luminosity,eos,used,eos,based,new,reconstruction,algorithm,used,electron,reconstruction,efficiency,electrons,e_\mathrm,gev,e_\mathrm,gev,eos,combining,efficiency,additional,selection,criteria,reject,electrons,background,processes,misidentified,hadrons,efficiency,reconstruct,identify,electrons,atlas,experiment,varies,depending,transverse,momentum,electron,background,rejection,eos
solution,large-n,hooft,limit,qcd,universally,believed,string,theory,closed,strings,glueball,sector,open,strings,meson,sector,eos,yet,prove,no-go,theorem,large-n,limit,qcd,massless,quarks,generally,large-n,limit,vast,class,confining,eos,eos,mass,gap,glueball,sector,asymptotically-free,gauge,theories,coupled,matter,fields,mass,scale,perturbation,theory,canonically-defined,string,theory,closed,open,strings,eos,eos,admitting,open/closed,duality,eos,no-go,theorem,occurs,open/closed,duality,implying,ultraviolet,divergences,annulus,diagrams,open,sector,arise,infrared,divergences,tadpoles,massless,particles,closed,sector,turns,incompatible,existence,mass,gap,glueball,sector,confining,asymptotically-free,theories,mass,scale,perturbation,theory,example,qcd,first,coefficient,beta,function,hooft,gauge,coupling,gets,corrections,due,matter,fields,eos,moreover,suggest,way-out,no-go,theorem,basis,new,non-canonical,construction,string,s-matrix,asymptotically-free,gauge,theories,large-n,qcd,involving,topological,strings,non-commutative,twistor,space,eos
ascertain,anisotropic,thermal,conductivity,alumina,passivated,black,phosphorus,reactive,nanomaterial,strong,in-plane,anisotropy,eos,measure,room,temperature,thermal,conductivity,time-domain,thermoreflectance,three,crystalline,axes,exfoliated,eos,thermal,conductivity,along,zigzag,direction,m*k,eos,times,higher,armchair,direction,m*k,eos
study,effect,neutrino,degeneracy,primordial,nucleosynthesis,universe,cosmological,scale,factor,evolves,linearly,time,eos,degeneracy,parameter,electron,type,neutrinos,determines,n/p,neutron,proton,ratio,turn,determines,abundance,manner,quite,distinct,standard,scenario,eos,observed,abundances,eos,eos,minimum,metallicity,essential,fragmentation,cooling,processes,star,forming,prestellar,gas,clouds,constrain,baryon,photon,ratio,eos,eos,corresponding,baryonic,matter,density,eos,eos,eos,eos,eos,closes,dynamic,mass,estimates,matter,universe,baryons,alone,eos,useful,byproducts,threshold,cno,abundances,required,trigger,cno,cycle,observed,low,metallicity,stars,universe,eos
report,results,high-field,low-temperature,musr,measurements,quasi,two-dimensional,organic,superconductors,appa,ncs,appa,eos,musr,lineshapes,compounds,indicate,existence,partially-ordered,vortex,lattice,phases,high,magnetic,field,regime,eos,former,compound,latter,compound,eos,observed,sharp,loss,order,found,consistent,vortex-lattice,melting,transition,predicted,numerical,simulations,weakly,coupled,layers,pancake,vortices,eos,argued,robustness,partially-ordered,vortex,lattice,phases,could,due,strong,flux-line,pinning,dilute,ensemble,defects,eos
evaluate,exact,energy,current,scaled,cumulant,generating,function,related,large-deviation,function,non-equilibrium,steady,states,energy,flow,integrable,model,relativistic,quantum,field,theory,iqft,diagonal,scattering,eos,derivations,based,various,recent,results,eos,bernard,eos,doyon,eos,steady,states,built,connecting,homogeneously,two,infinite,halves,system,thermalized,different,temperatures,t_l,t_r,waiting,long,time,eos,evaluate,current,t_l,t_r,using,exact,qft,density,matrix,describing,non-equilibrium,steady,states,using,eos,eos,zamolodchikov,method,thermodynamic,bethe,ansatz,tba,eos,scaled,cumulant,generating,function,obtained,extended,fluctuation,relations,hold,integrable,models,eos,verify,formula,particular,showing,conformal,field,theory,cft,result,obtained,high-temperature,limit,eos,analyze,numerically,non-equilibrium,steady-state,tba,equations,three,models,sinh-gordon,model,roaming,trajectories,model,sine-gordon,model,particular,reflectionless,point,eos,based,numerics,conjecture,infinite,family,non-equilibrium,associated,scaled,cumulants,defined,interpret,physically,eos,study,full,scaled,distribution,function,find,described,set,independent,poisson,processes,eos,finally,show,additivity,property,current,known,hold,cft,proposed,hold,generally,hold,general,iqft,t_l,t_r,form,t_l,t_r,eos
readout,noise,hgcdte,nir,detector,teledyne,measured,temperature,eos,shown,fowler,mode,allows,reach,noise,eos,single,read,eos,description,power,spectrum,terms,parameters,reproduces,variation,noise,function,number,fowler,samples,well,dependence,periodicity,sampling,eos,variance,noise,decreases,frequency,effective,power,eos,measurement,domain,eos,behaviour,detector,different,experimental,conditions,predicted,eos
last,decades,many,authors,become,interested,study,multilinear,polynomial,generalizations,families,operator,ideals,instance,ideal,absolutely,summing,operators,eos,however,generalizations,must,keep,essence,given,operator,ideal,seems,universal,method,achieve,eos,main,task,paper,discuss,study,introduce,multilinear,polynomial,extensions,aforementioned,operator,ideals,taking,account,already,existing,methods,evaluating,adequacy,generalizations,eos,besides,subject,intrinsic,mathematical,interest,main,motivation,belief,based,facts,shall,presented,already,existing,approaches,adequate,eos
diurnal,varying,haze,layer,bright,spots,occator,dwarf,planet,ceres,reported,images,dawn,framing,camera,eos,finding,supported,ground-based,observations,revealing,diurnal,albedo,changes,occator,longitude,eos,present,work,investigate,previously,reported,haze,phenomenon,detail,using,additional,framing,camera,images,eos,demonstrate,light,scattering,behavior,central,floor,occator,different,compared,typical,cerean,surface,likely,inconsistent,pure,solid,surface,scatterer,eos,identified,deviation,best,explained,additional,component,scattered,light,surface,eos,eos,haze,layer,eos,results,support,water,vapor,detection,herschel,observations,though,existence,tenuous,cerean,exosphere,yet,confirmed,eos
photoacoustic,imaging,shown,great,promise,medical,imaging,optical,energy,absorption,blood,haemoglobin,used,contrast,mechanism,eos,numerical,method,developed,in-silico,assessment,photoacoustic,image,reconstruction,brain,eos,image,segmentation,techniques,used,prepare,digital,phantom,images,eos,light,transport,brain,tissue,modelled,using,finite,element,approach,eos,resulting,acoustic,pressure,estimated,pulsed,photoacoustics,considerations,eos,forward,acoustic,wave,propagation,modelled,linearized,coupled,first,order,wave,equations,solved,acoustic,k-space,method,eos,since,skull,bone,elastic,solid,strongly,attenuates,ultrasound,due,scattering,absorption,k-space,method,developed,elastic,media,eos,model,scattering,effects,new,approach,applied,based,propagation,random,media,eos,addition,absorption,effects,incorporated,using,power,law,eos,finally,acoustic,pressure,reconstructed,using,k-space,time,reversal,technique,eos,simulations,ran,produce,photoacoustic,tomogram,brain,tumour,eos,results,demonstrate,convergence,models,suitability,investigating,photoacoustic,imaging,process,eos
dynamic,ads/qcd,modification,ads/qcd,includes,running,anomalous,dimension,q-bar,quark,bilinear,generation,constituent,quark,mass,plays,role,wall,eos,model,allows,one,move,away,smoothly,controlled,spectrum,super,yang-mills,theory,system,qcd-like,theories,chiral,symmetry,breaking,eos,investigate,soft,wall,behaviour,model,gives,regge,trajectories,eos,achieve,behaviours,requires,quark,constituent,mass,fall,peculiarly,sharply,meson,physics,sensitive,scales,well,quark,on-shell,mass,eos,including,soft,wall,behaviour,models,walking,gauge,dynamics,breaks,near,conformal,symmetry,present,quark,on-shell,mass,generate,large,mass,techni-dilaton,like,state,eos,conclude,meson,spectrum,rather,sensitive,decoupling,eos
provide,thorough,discussion,study,conducted,rodgers,eos,neurosci,eos,eos,doi,eos,eos,eos,investigate,focal,seizures,acquired,epileptogenesis,induced,head,injury,rat,eos,manuscript,serves,supplementary,document,letter,editor,appear,journal,neuroscience,eos,find,subject,article,suffers,poor,experimental,design,selective,consideration,antecedent,literature,application,inappropriate,epilepsy,diagnostic,criteria,together,lead,unwarranted,conclusions,eos
basis,brueckner-hartree-fock,method,nucleon-nucleon,forces,obtained,lattice,qcd,simulations,properties,medium-heavy,doubly-magic,nuclei,investigated,eos,found,nuclei,bound,pseudo-scalar,meson,mass,m_ps,mev,eos,mass,number,dependence,binding,energies,single-particle,spectra,density,distributions,qualitatively,consistent,expected,empirical,data,physical,point,although,hypothetical,nuclei,heavy,quark,mass,smaller,binding,energies,real,nuclei,eos
study,partial,brauer,monoid,planar,submonoid,motzkin,monoid,eos,conduct,thorough,investigation,structure,monoids,providing,information,normal,forms,green,relations,regularity,ideals,idempotent,generation,minimal,idempotent,generating,sets,eos,obtain,necessary,sufficient,conditions,ideals,monoids,idempotent-generated,eos,find,formulae,rank,smallest,size,generating,set,ideal,idempotent,rank,smallest,size,idempotent,generating,set,idempotent-generated,subsemigroup,ideal,particular,ideal,idempotent-generated,rank,idempotent,rank,equal,eos,along,way,obtain,number,results,independent,interest,demonstrate,utility,semigroup,theoretic,approach,applying,results,obtain,new,proofs,important,representation,theoretic,results,concerning,corresponding,diagram,algebras,partial,rook,brauer,algebra,motzkin,algebra,eos
methods,insights,statistical,physics,finding,increasing,variety,applications,one,seeks,understand,emergent,properties,complex,interacting,system,eos,one,area,concerns,dynamics,language,variety,levels,description,behaviour,individual,agents,learning,simple,artificial,languages,changes,structure,languages,shared,large,groups,speakers,historical,timescales,eos,colloquium,survey,hierarchy,scales,language,linguistic,behaviour,described,along,main,progress,understanding,made,come,statistical,physics,community,eos,argue,future,developments,may,arise,linking,different,levels,hierarchy,together,coherent,fashion,particular,allows,effective,use,rich,empirical,data,sets,eos
